page	file	original	bytes	sha256
1	p01.png	1.png	61143	6f3d5d3b0b4568f5dc94835e7ab74fc0dcd3974ccdb5a82908cf8e71ccb65d4b
2	p02.png	2(2).png	127097	6d09a387d75543f0aa514e23d1479037d0bd5948a5cf6c364570475d39117b86
3	p03.png	3.png	130942	04ba4bfd359bd5f4c717ec9d8754a5fe8746585f033443ad0e40e16a439c5d8d
4	p04.png	4.png	147102	6232bb4286bd2bb6086248cebbbd9429d4c5cd8f64a23caeaae9e25155a17d84
5	p05.png	5(2).png	177152	552898c568fe2dbde2b2079003da49a12b53b136887da30d739eb7c4448042d3
6	p06.png	6.png	183035	a04e28b719c33bed69ad1133c3818f70fdddfc71b2a23cc3ef61cbe9482195fc
7	p07.png	7.png	192570	9aeb1c2295d0fccc2cb4aae09705c2fbc1296df39160ff430f915793e220af56
8	p08.png	8.png	327760	a995b75f03828ebc23a5468f2c1649a9aff8a4a0d6dedd902ff838f54da6a8fd
9	p09.png	9.png	349120	a6f4fe731272d2890de1e048abbddf9cb75f82a816229bcee5c4c879f7729411
10	p10.png	10.png	362813	e60238fb47198c06cb9a7a938c69692c09d3f381fc9382fbe7b0a1f9e1d03e97
11	p11.png	11.png	174417	ba8edcaa5cff94eee2812a60cfc29fea2145e5f10ecbf2feda32eae7b707a1eb
12	p12.png	12.png	351555	4bca12de556187d0f96f856b271c11200babe8cb321ec3af74fb6d476718b6b8
13	p13.png	13.png	296775	fdee0fc607a271a5f5ea9302c79bd4c7f91b3cc4a06c2c0a056daa95003de160
14	p14.png	14.png	353928	9dbf6e7c562f789365441548bac9f1692cf1bbec7447571fcae5bcfab3353f50
15	p15.png	15.png	346762	ba19b98e9f94f7dcbee2b168e208cdb39418a922c5ed807591ec598af2826a63
16	p16.png	16.png	334809	62e1c22628222a891ada193b3ba4caff54db43993eff465bc2742f4d537ab8cf
17	p17.png	17.png	312208	0c9aba547011457c696ab80aa89059973cffaedeb97215f793ff077ae21a2b6a
18	p18.png	18.png	189846	6298e2090b4a13cbdba9721e1dd80610a1662cfc69b430b9b3f4b5992a721186
19	p19.png	19.png	290620	ebeaa709cee75ee3e72be0fd74b8f6ff697443a982835ff65ea345ddb6364e7e
20	p20.png	20.png	343502	f8d183a7147445754ba57e37935310d7190cc50bc4f92ac77fb1784f1b90b388
21	p21.png	21.png	303813	e544a4ddf7bcccfac89c455411bde769c489dc1ca37fa2c7e54ec7dbdc947758
22	p22.png	22.png	346931	eaae5534b8b51ec3f192efc09e1fa8496c37ef325503400411069dff34e52154
23	p23.png	23.png	280531	b0eb89eecc1e44990570bf237754c369453c84d7f19a02b0afb219696f58c626
24	p24.png	24.png	287000	51654719db05138669fd044059ab16f86c5f224f56cd579577f78761952124f4
25	p25.png	25.png	410057	2c1daf8d095dd8ee77a888a983b341f74cdef069763751724aa083f8885f9dd3
26	p26.png	26.png	193331	19e4d95a214a6613d38005992affeaf267cd1dd2d068f58ef47330765f543607
27	p27.png	27.png	365619	c9cec71caebc494c4e9286cb5ec8a1eec815be81380a0b8919afdc1d3687cb0a
28	p28.png	28.png	159778	77bf2ed4ac8f35afe5a4128a1c161eaf98bbfd9b897d365ecef09bd2ac199193
29	p29.png	29.png	514542	40cef40918d356727b122e33ce5c3f63a45d76a216e04d6483b7731926389876
30	p30.png	30.png	316695	08872bf702978683665ee6539befac136985ee3bbdcd4f42318171d557b1d904
31	p31.png	31.png	705021	68d179cc480c7b0ee5995948cd322734f43aa696250bcf2c36c64dcf58694bdc
32	p32.png	32.png	292430	6613aaffb86595b680805c6fbf58a1ecba9acd36e52d1c60aec611ae06e7d497
33	p33.png	33.png	655352	c75cc9189ff91a751121531f40acb3afbb60794cca539e5c1bb92d64f9b1045d
34	p34.png	34.png	451806	35816597e213c9b1afc75a05e563956d34301d528991ad8230cfe12c435c08f1
35	p35.png	35.png	195502	a935b9c80b566588b7c80116709ebf7e55e860f8ba304bb5b7264075b08fad8c
36	p36.png	36.png	347248	0d55ee6627e763fd05ebd32ed87f1cb99ab2ef93475a508b445e9eb3322df0e2
37	p37.png	37.png	204507	eb430ab7a9172e057d9d22a9252dfe1ce381e6edbadb5448b5b0b6148eff9281
38	p38.png	38.png	499674	f0f6fc10f7039c96847416682a1bffb3312a4fd0c75a6327d75d53bab26e4f73
39	p39.png	39.png	224567	ac4ce74db2c25ab4034de89cf9ea707d08283521880f1daefba5d8d6d6901df9
40	p40.png	40.png	421413	5f4be48b12a07ba515d36d5b3116d643aeda93f2daa2a26a5dca42b9a4ce14e8
41	p41.png	41.png	184152	cf3ff4a101ce32cf5e81fbbc29af835db9c5b54713a956dce494d4ae97db937f
42	p42.png	42.png	342389	5b40a12dfc935dd0a5d398e1bddd960fff766fe4a576f8e52b35ef57c9c169e7
43	p43.png	43.png	419481	a8dbf0845a6d0e403f6164639e98ce7aed891579beee5ea919a85730d5b364f8
44	p44.png	44.png	277340	d535143e38b18356653e54f0c346621fe2cc2beed23c4e8e758f95c137ae02c8
45	p45.png	45.png	263399	1181dd7224d1212eadf464084230a872d081cf8609e91696e4ed83e147a0db91
46	p46.png	46.png	335998	933fca930436158e7752bfaf6e660cc1f2ebdfd7cb70ed2ac880a9f9a6c63aac
47	p47.png	47.png	278266	1ab29dbaa206925d5ed2c07b44500918dd8c9adab432b3983abdca22f230358f
48	p48.png	48.png	337350	f7660429f613d41ba0a02ddd326d52dfa01b3bfe4a0e45d23c1bd7994c08c521
49	p49.png	49.png	566470	56984d02e879ccf7fcb874df0fac81af49649574ab51146e1d7565df68cd9fa7
50	p50.png	50.png	312691	20e99ea0bef2bef2e64160e4bb82a3bf9c74634ebccfac25c07b4594526eb2ed
51	p51.png	51.png	375491	fcfb94ef8b67e16ae31cd291507eaabc38e7f185209ed3f25ecca3d1ef592215
52	p52.png	52.png	384662	7940743104cac4a3c26bf468b53eb3bd432e4ba0e17b3738ea439290bacbe71b
53	p53.png	53.png	394288	2dc965a4adcbe85ef55400ecb0724fb259033bbec884ad713ebd097eb8d52d68
54	p54.png	54.png	233786	fe821115bf563db225da4c139c0ec85283154fc867d9fa2119e3b27ac600837a
55	p55.png	55.png	266270	62ce4c13ecb0986d6a99858f83ba8c99af09fe8c981c78c7b1f5b1ba1b1d2507
56	p56.png	56.png	258872	4c3a9f55c8227edf81571422a2dcf42b48cf6003455543cf6218b64584bfd07d
57	p57.png	57.png	278229	229f6d108a2e8351d4ccec35bd293e45f860bb928b8a376c1545f4d5423f7235
